domain_id,class,fold,superfamily,family,rmsd,mca_score
d6pzna1,c,2,1,0,"(np.float32(2.100985e-06), 244)",516.8175989803941
d1z0xa1,a,4,1,9,"(np.float32(8.688498), 68)",41.88977687042535
d1st6a6,a,24,9,1,"(np.float32(8.073332), 72)",38.5489774689078
d1pfva1,a,27,1,1,"(np.float32(17.623983), 162)",167.90893591740704
d5joja_,a,39,1,0,"(np.float32(13.151613), 99)",69.97360157712188
d1n69a_,a,64,1,3,"(np.float32(9.465406), 78)",57.000312138204954
d2a9ia_,a,77,1,2,"(np.float32(12.653264), 105)",78.39188384308699
d1hn0a1,a,102,3,2,"(np.float32(16.99305), 244)",253.41433805300142
d1jeqa1,a,140,2,1,"(np.float32(8.233723), 51)",22.192313054165385
d1jz8a1,b,1,4,1,"(np.float32(14.579241), 114)",66.71030435002334
d1llaa3,b,1,18,3,"(np.float32(22.429802), 241)",226.8072819366917
d2nqca_,b,1,18,10,"(np.float32(10.2520685), 97)",47.84849085881054
d5o99a1,b,34,2,0,"(np.float32(10.180929), 59)",19.926243308960395
d4yo1a1,b,36,1,0,"(np.float32(11.929446), 98)",60.457128405987035
d1d3bb_,b,38,1,1,"(np.float32(11.628517), 81)",40.03945534345917
d4fvda_,b,47,1,0,"(np.float32(14.445439), 138)",109.53742109140941
d1jhda1,b,122,1,3,"(np.float32(17.337114), 173)",170.93215621945782
d1ctfa_,d,45,1,1,"(np.float32(8.174411), 68)",39.82284643269794
d5lsla_,d,58,7,0,"(np.float32(8.331996), 79)",47.20405069459523
d1rq8a_,d,68,4,1,"(np.float32(12.638126), 96)",68.83259171066183
d1t3ta4,d,79,4,1,"(np.float32(17.248405), 209)",190.62679772422413
d1lkka_,d,93,1,1,"(np.float32(11.488005), 105)",69.30960912334977
d1jyoe_,d,184,1,2,"(np.float32(19.962347), 102)",65.03920636448294
d1fn9a_,d,196,1,1,"(np.float32(20.416546), 244)",275.06551242575193
d1vlaa1,d,227,1,2,"(np.float32(11.893272), 138)",104.10398670493583
d2bskb1,g,83,1,1,"(np.float32(8.435527), 65)",33.98053142761819
d2w79a_,c,1,2,1,"(np.float32(18.32876), 241)",285.92123290637414
d2nw0a_,c,1,8,0,"(np.float32(16.319012), 189)",232.1545924594481
d3krva_,c,8,8,1,"(np.float32(18.022402), 201)",213.5877080239172
d1io0a_,c,10,1,1,"(np.float32(14.486156), 166)",174.8540769641
d5t3ya_,c,23,1,0,"(np.float32(12.308752), 125)",100.48029132158881
d1pkxa1,c,24,1,3,"(np.float32(17.41934), 198)",234.85414648868877
d1efpa1,c,26,2,3,"(np.float32(17.357738), 183)",192.41843711504822
d4v03a_,c,37,1,0,"(np.float32(16.972584), 236)",268.3035490693482
d3c5ca_,c,37,1,0,"(np.float32(15.681102), 164)",166.19565054832688
d3pr1a_,c,37,1,0,"(np.float32(15.909597), 172)",185.79722285845713
d1chda_,c,40,1,1,"(np.float32(16.801369), 198)",233.4710350603706
d1u04a3,c,44,3,1,"(np.float32(16.635775), 184)",213.25630368132155
d1o8xa_,c,47,1,10,"(np.float32(14.9956045), 143)",147.86521213724865
d3cxga1,c,47,1,0,"(np.float32(13.198025), 112)",87.64797176167743
d3fz4a1,c,47,1,0,"(np.float32(12.622892), 117)",91.11278950183716
d2cu2a2,c,68,1,20,"(np.float32(16.983452), 244)",270.1459776920171
d3g7na_,c,69,1,0,"(np.float32(18.987286), 244)",271.01078906743965
d1wiwa_,c,80,1,1,"(np.float32(19.44868), 244)",269.60166110777317
d1vima1,c,80,1,3,"(np.float32(17.372915), 182)",215.76319524014764
d2p0sa1,c,94,1,3,"(np.float32(14.49325), 130)",109.66009833395275
d3mqda1,c,95,1,0,"(np.float32(17.074808), 244)",281.66347130818826
d1swva_,c,108,1,3,"(np.float32(17.131104), 244)",270.49009469170863
d1k3ra2,c,116,1,2,"(np.float32(19.684122), 244)",254.6314084153585
d2nx2a1,c,129,1,2,"(np.float32(15.469162), 176)",211.57241266860433
d2d00a1,c,149,1,1,"(np.float32(14.855983), 104)",70.2322910402575
d1uufa2,c,2,1,1,"(np.float32(15.573277), 161)",178.52508790825914
d1pl8a2,c,2,1,1,"(np.float32(15.504204), 171)",190.22051779173174
d1v3va2,c,2,1,1,"(np.float32(15.720508), 182)",218.40162866065242
d1yb5a2,c,2,1,1,"(np.float32(16.024803), 174)",187.28457037752204
d1gz6a_,c,2,1,2,"(np.float32(9.255272), 244)",278.6742365437431
d2ag5a1,c,2,1,2,"(np.float32(10.913133), 244)",289.0857872654813
d1ooea_,c,2,1,2,"(np.float32(10.681583), 235)",271.4811926510406
d2fr1a1,c,2,1,2,"(np.float32(12.66436), 244)",279.2028764898235
d2fr1a2,c,2,1,2,"(np.float32(16.20033), 209)",249.5077356949487
d1jtva_,c,2,1,2,"(np.float32(9.150037), 244)",285.4712544794949
d1gy8a_,c,2,1,2,"(np.float32(15.434005), 244)",296.4207488112266
d3d3wa_,c,2,1,2,"(np.float32(9.50401), 244)",272.5100378351538
d1li4a1,c,2,1,4,"(np.float32(15.181914), 163)",172.9638817259972
d1s6ya1,c,2,1,5,"(np.float32(12.058006), 169)",180.422965599215
d1o6za1,c,2,1,5,"(np.float32(13.566775), 142)",141.80520618532455
d1hyea1,c,2,1,5,"(np.float32(12.8883), 145)",137.27580665010348
d1txga2,c,2,1,6,"(np.float32(14.959813), 180)",209.68928732020692
d2i76a2,c,2,1,6,"(np.float32(13.865921), 144)",138.88561060036426
d2g5ca2,c,2,1,6,"(np.float32(14.8936), 171)",182.71380179394401
d3rqsa1,c,2,1,6,"(np.float32(16.092218), 193)",226.3921351268428
d1bgva1,c,2,1,7,"(np.float32(16.682005), 244)",279.7350407459585
d1gpja2,c,2,1,7,"(np.float32(15.894906), 159)",165.75868172220478
d2csua1,c,2,1,8,"(np.float32(12.877362), 129)",113.85512377485023
d2hmta_,c,2,1,9,"(np.float32(15.106385), 139)",144.9147702258118
d1lssa_,c,2,1,9,"(np.float32(14.048552), 132)",137.17186859947333
d2pk3a_,c,2,1,0,"(np.float32(19.021473), 244)",270.31520620035235
d4m1qa1,c,2,1,0,"(np.float32(12.643494), 142)",150.85701130222893
d2q1sa_,c,2,1,0,"(np.float32(14.609735), 244)",280.3786739818789
d4nbra1,c,2,1,0,"(np.float32(6.841973), 244)",284.6131821043728
d5jlaa_,c,2,1,0,"(np.float32(6.7022824), 244)",293.3426099672106
d5epoa_,c,2,1,0,"(np.float32(6.2629237), 244)",290.9390844414993
d4is2a_,c,2,1,0,"(np.float32(10.399307), 215)",270.47587823713445
d3e9na_,c,2,1,0,"(np.float32(15.411715), 189)",213.97442747039528
d2v6ba1,c,2,1,0,"(np.float32(13.508757), 127)",112.45183190598009
d5o3za_,c,2,1,0,"(np.float32(9.271878), 244)",292.97131684086673
d3ai3a_,c,2,1,0,"(np.float32(8.380138), 244)",281.3520738986564
d4h7pa1,c,2,1,0,"(np.float32(13.438036), 155)",167.8498790354949
d6uh2a1,c,2,1,0,"(np.float32(8.016781), 244)",281.9802997407524
d5bsea1,c,2,1,0,"(np.float32(14.740554), 167)",170.63507298691258
d4r1sa_,c,2,1,0,"(np.float32(13.685699), 244)",271.82869905412576
d6wjaa_,c,2,1,0,"(np.float32(17.283443), 244)",274.2724675945192
d5xtfa_,c,2,1,0,"(np.float32(10.541634), 228)",269.1635791430686
d6zzoa_,c,2,1,0,"(np.float32(5.3379064), 244)",276.2879822032302
d3ws7a1,c,2,1,0,"(np.float32(14.990252), 161)",179.05125432539205
d4bmna1,c,2,1,0,"(np.float32(9.511515), 229)",301.88978399905113
d3h7aa_,c,2,1,0,"(np.float32(8.88998), 212)",263.7024919053743
d4yaga_,c,2,1,0,"(np.float32(11.171602), 244)",286.54869640240423
d4mp8a_,c,2,1,0,"(np.float32(17.410671), 244)",271.72325058974855
d4qeca_,c,2,1,0,"(np.float32(6.713414), 244)",299.04190453274225
d4fn4a_,c,2,1,0,"(np.float32(6.6636324), 244)",295.47345999539084
